bin,P_outcome,n_rows
1,0.38162816281628165,9090
2,0.4937402190923318,1278
