bin,P_outcome,n_rows
0,0.18614239742558328,9944
1,0.18048780487804877,410
2+,0.2857142857142857,14
