bin,P_outcome,n_rows
0,0.39481094127111827,9944
1,0.4,410
2+,0.7142857142857143,14
