bin,P_outcome,n_rows
1,0.1755062680810029,2074
2,0.1726782752902156,4824
3,0.20558739255014327,1396
4,0.21456123432979748,2074
