bin,P_outcome,n_rows
1,0.1788778877887789,9090
2,0.23708920187793428,1278
