bin,P_outcome,n_rows
1,0.37945998071359693,2074
2,0.3718905472636816,4824
3,0.417621776504298,1396
4,0.4513018322082932,2074
