bin,P_outcome,n_rows
1,0.38143459915611816,8295
2,0.4515195369030391,2073
