bin,P_outcome,n_rows
0,0.39037800687285223,8730
1,0.4037122969837587,1293
2+,0.4927536231884058,345
