bin,P_outcome,n_rows
0,0.1815578465063001,8730
1,0.2026295436968291,1293
2+,0.23768115942028986,345
