bin,P_outcome,n_rows
1,0.18022905364677516,8295
2,0.20935841775205016,2073
