quintile_bin,n_rows,rolling_xg_5_mean,P_shot_next_2,P_goal_next_5
0,8295,0.008761127926509946,0.18022905364677516,0.05714285714285714
1,2073,0.26496261595397974,0.20935841775205016,0.0974433188615533
