set_piece_flag,n_rows,P_shot_next_2,P_goal_next_5
No,8730,0.1815578465063001,0.06277205040091638
Yes,1638,0.21001221001221002,0.07814407814407814
