big_chance_bin,n_rows,P_goal_next_5
0,9944,0.06476267095736123
1,410,0.07560975609756097
2+,14,0.07142857142857142
