qbin,n,P_shot_next_2,P_goal_next_5,game_state
0,1463,0.17634996582365003,0.08749145591250855,leading
1,486,0.1934156378600823,0.09053497942386832,leading
2,484,0.1859504132231405,0.10330578512396695,leading
0,4403,0.17442652736770384,0.04655916420622303,tied
1,1099,0.2329390354868062,0.09372156505914468,tied
0,1947,0.17925012840267077,0.05238828967642527,trailing
1,486,0.2345679012345679,0.09053497942386832,trailing
