big_chance_flag,n_rows,P_shot_next_2,P_goal_next_5
No,9944,0.18614239742558328,0.06476267095736123
Yes,424,0.18396226415094338,0.07547169811320754
