sp_bin,n_rows,P_shot_next_2,P_goal_next_5
0,8730,0.1815578465063001,0.06277205040091638
1,1293,0.2026295436968291,0.06728538283062645
2+,345,0.23768115942028986,0.11884057971014493
