corner_pressure_flag,n_rows,P_shot_next_2,P_goal_next_5
No,9618,0.18392597213557912,0.0635267207319609
Yes,750,0.21333333333333335,0.08666666666666667
